{"cameraMode":{"drawMode":0,"name":"Shaded","section":"Shading Mode"},"sceneLighting":false,"audioPlay":false,"sceneViewState":{"m_AlwaysRefresh":false,"showFog":false,"showSkybox":false,"showFlares":false,"showImageEffects":false,"showParticleSystems":false,"showVisualEffectGraphs":true,"m_FxEnabled":true},"in2DMode":false,"pivot":{"x":-0.0003490447998046875,"y":1.4737462997436524,"z":-0.0621604323387146},"rotation":{"x":-0.11246278882026673,"y":-0.4051205515861511,"z":0.047853682190179828,"w":-0.9070210456848145},"size":2.124197483062744,"orthographic":false}